"game_id","team","start_zone","player","count","mean_x","mean_y"
3,"away",1,"Gareth
Umtiti",6,990.5,5956.875
3,"away",1,"Muhamed
Ramos",2,357,5271.75
3,"away",1,"Christiano
Griezmann",3,332.5,5373
3,"away",1,"Antoine
De Bruyne",1,1270.5,6270.75
3,"away",1,"Kevin
Salah",1,1407,5845.5
3,"away",2,"Muhamed
Ramos",2,950.25,3098.25
3,"away",2,"Samuel
Umtiti",2,1559.25,2997
3,"away",2,"Christiano
Griezmann",1,1512,2659.5
3,"away",2,"Antoine
De Bruyne",34,852.970588235294,3336.88235294118
3,"away",2,"Kevin
Salah",1,892.5,2578.5
3,"away",3,"Gareth
Ronaldo",1,1323,1593
3,"away",3,"Muhamed
Ramos",1,1291.5,2004.75
3,"away",3,"Gareth
Pogba",6,1053.5,1206
3,"away",3,"Samuel
Umtiti",2,1533,1532.25
3,"away",3,"Kevin
Salah",8,1239,688.5
3,"away",4,"Gareth
Umtiti",10,2785.65,6050.025
3,"away",4,"Muhamed
Ramos",2,3402,5241.375
3,"away",4,"Kevin
Griezmann",2,2047.5,5852.25
3,"away",4,"Samuel
Umtiti",4,3047.625,5108.0625
3,"away",4,"Christiano
Griezmann",5,2257.5,5499.9
3,"away",4,"Antoine
De Bruyne",1,2562,5467.5
3,"away",4,"Christiano
Bale",1,2089.5,6257.25
3,"away",5,"Gareth
Umtiti",2,2656.5,3969
3,"away",5,"Muhamed
Ramos",6,2983.75,2527.875
3,"away",5,"Gareth
Pogba",3,2884,4023
3,"away",5,"Samuel
Umtiti",8,2651.25,3482.15625
3,"away",5,"Christiano
Griezmann",3,3181.5,3361.5
3,"away",5,"Antoine
De Bruyne",2,2556.75,2811.375
3,"away",6,"Gareth
Ronaldo",5,2690.1,1417.5
3,"away",6,"Muhamed
Ramos",7,2670,1383.75
3,"away",6,"Gareth
Pogba",14,2675.25,1355.30357142857
3,"away",6,"Samuel
Umtiti",5,2698.5,1632.15
3,"away",6,"Christiano
Griezmann",1,2677.5,1863
3,"away",6,"Kevin
Salah",16,2723.4375,606.234375
3,"away",6,"Christiano
Bale",5,2996.7,1134
3,"away",7,"Gareth
Umtiti",7,4071,6086.57142857143
3,"away",7,"Gareth
Ronaldo",1,4977,6453
3,"away",7,"Muhamed
Ramos",4,4538.625,4984.875
3,"away",7,"Kevin
Griezmann",8,4185.5625,5379.75
3,"away",7,"Samuel
Umtiti",4,4173.75,5273.4375
3,"away",7,"Christiano
Griezmann",10,4211.55,5462.775
3,"away",7,"Sergio
De Bruyne",1,4053,5400
3,"away",7,"Kevin
Salah",1,3643.5,5400
3,"away",7,"Christiano
Bale",4,4530.75,5146.875
3,"away",8,"Muhamed
Ramos",13,4181.42307692308,3204.69230769231
3,"away",8,"Gareth
Pogba",4,4242,2887.3125
3,"away",8,"Kevin
Griezmann",1,5040,2990.25
3,"away",8,"Samuel
Umtiti",9,4187.16666666667,3346.5
3,"away",8,"Christiano
Griezmann",2,4236.75,3604.5
3,"away",8,"Kevin
Salah",1,4693.5,3327.75
3,"away",8,"Christiano
Bale",9,4272.33333333333,3570.75
3,"away",8,"Muhamed
Griezmann",1,3633,4279.5
3,"away",9,"Gareth
Ronaldo",3,4504.5,1091.25
3,"away",9,"Muhamed
Ramos",1,3538.5,1748.25
3,"away",9,"Gareth
Pogba",7,4357.5,1116.64285714286
3,"away",9,"Samuel
Umtiti",8,4421.8125,1407.375
3,"away",9,"Antoine
De Bruyne",1,3832.5,2072.25
3,"away",9,"Kevin
Salah",15,4216.8,722.25
3,"away",9,"Christiano
Bale",3,4763.5,1289.25
3,"away",10,"Gareth
Umtiti",13,6463.15384615385,6352.78846153846
3,"away",10,"Muhamed
Ramos",9,6203.16666666667,5454.75
3,"away",10,"Kevin
Griezmann",2,6027,5224.5
3,"away",10,"Samuel
Umtiti",11,6325.77272727273,5497.56818181818
3,"away",10,"Christiano
Griezmann",3,5852,5211
3,"away",10,"Sergio
De Bruyne",1,5775,6439.5
3,"away",10,"Christiano
Bale",11,6393.54545454545,5646.68181818182
3,"away",10,"Muhamed
Griezmann",1,6226.5,5575.5
3,"away",11,"Gareth
Ronaldo",1,6762,2274.75
3,"away",11,"Muhamed
Ramos",7,5832,3218.78571428571
3,"away",11,"Gareth
Pogba",1,5743.5,2490.75
3,"away",11,"Kevin
Griezmann",3,5719,3818.25
3,"away",11,"Samuel
Umtiti",8,5667.375,3396.09375
3,"away",11,"Christiano
Griezmann",1,6636,3881.25
3,"away",11,"Sergio
De Bruyne",1,6625.5,4475.25
3,"away",11,"Christiano
Bale",7,6171,3323.89285714286
3,"away",11,"Muhamed
Griezmann",3,5957,2920.5
3,"away",12,"Gareth
Ronaldo",7,6322.5,1371.21428571429
3,"away",12,"Muhamed
Ramos",5,6176.1,1341.9
3,"away",12,"Gareth
Pogba",3,5691,1305
3,"away",12,"Kevin
Griezmann",1,6279,810
3,"away",12,"Samuel
Umtiti",4,5832.75,1780.3125
3,"away",12,"Kevin
Salah",11,6144.40909090909,623.454545454545
3,"away",12,"Christiano
Bale",3,6174,1829.25
3,"away",12,"Muhamed
Griezmann",1,6730.5,378
3,"away",13,"Gareth
Umtiti",10,7417.2,6347.025
3,"away",13,"Gareth
Ronaldo",3,7220.5,5568.75
3,"away",13,"Muhamed
Ramos",2,7192.5,5207.625
3,"away",13,"Kevin
Griezmann",10,7572.6,5907.6
3,"away",13,"Samuel
Umtiti",2,7266,5028.75
3,"away",13,"Christiano
Bale",10,7539,5460.075
3,"away",13,"Muhamed
Griezmann",1,7770,4947.75
3,"away",14,"Muhamed
Ramos",1,7444.5,2605.5
3,"away",14,"Kevin
Griezmann",1,7759.5,4286.25
3,"away",14,"Kevin
Salah",2,7801.5,2862
3,"away",14,"Christiano
Bale",3,7514.5,3807
3,"away",14,"Muhamed
Griezmann",3,7815.5,3870
3,"away",15,"Gareth
Ronaldo",1,7014,162
3,"away",15,"Muhamed
Ramos",4,7714.875,1100.25
3,"away",15,"Kevin
Griezmann",3,8060.5,1197
3,"away",15,"Kevin
Salah",6,7820.75,473.625
3,"away",15,"Christiano
Bale",1,7161,1903.5
3,"away",15,"Muhamed
Griezmann",1,7591.5,722.25
3,"away",16,"Gareth
Umtiti",6,9791.25,5808.375
3,"away",16,"Gareth
Ronaldo",1,8830.5,5980.5
3,"away",16,"Kevin
Griezmann",4,9366,5680.125
3,"away",16,"Sergio
De Bruyne",1,9355.5,6189.75
3,"away",16,"Muhamed
Griezmann",1,9901.5,5292
3,"away",17,"Gareth
Ronaldo",1,9366,4090.5
3,"away",17,"Christiano
Bale",1,9607.5,3631.5
3,"away",17,"Muhamed
Griezmann",2,9219,2720.25
3,"away",18,"Gareth
Ronaldo",4,9376.5,1120.5
3,"away",18,"Muhamed
Ramos",1,9544.5,1275.75
3,"away",18,"Kevin
Salah",2,9513,84.375
3,"home",1,"Muhamed
Ronaldo",1,1648.5,5433.75
3,"home",1,"Paul
Ramos",1,724.5,4765.5
3,"home",1,"Christiano
De Bruyne",1,357,5562
3,"home",1,"Kevin
Ramos",2,1302,5450.625
3,"home",1,"Leo
Pogba",1,976.5,4522.5
3,"home",1,"Antoine
Umtiti",1,252,6216.75
3,"home",2,"Sergio
Umtiti",1,1018.5,2328.75
3,"home",2,"Christiano
Cavani",1,1407,3503.25
3,"home",2,"Samuel
Ramos",1,1207.5,2457
3,"home",2,"Leo
Pogba",40,1094.1,3380.4
3,"home",3,"Samuel
Pogba",1,966,337.5
3,"home",3,"Christiano
Cavani",1,1617,1788.75
3,"home",3,"Samuel
Ramos",1,1365,1188
3,"home",3,"Leo
Pogba",3,885.5,2036.25
3,"home",3,"Leo
Cavani",1,1596,357.75
3,"home",4,"Muhamed
Ronaldo",9,2707.83333333333,5217.75
3,"home",4,"Sergio
Umtiti",2,3223.5,5869.125
3,"home",4,"Paul
Ramos",5,2646,4726.35
3,"home",4,"Christiano
De Bruyne",30,2641.1,5217.525
3,"home",4,"Christiano
Cavani",2,2373,5595.75
3,"home",4,"Kevin
Ramos",2,3223.5,6534
3,"home",4,"Kevin
Bale",1,3318,4968
3,"home",5,"Muhamed
Ronaldo",1,2835,4279.5
3,"home",5,"Sergio
Umtiti",2,3265.5,3260.25
3,"home",5,"Paul
Ramos",21,2876,3266.35714285714
3,"home",5,"Christiano
De Bruyne",7,2433,3581.35714285714
3,"home",5,"Christiano
Cavani",13,2687.19230769231,3245.19230769231
3,"home",5,"Samuel
Ramos",1,1858.5,2268
3,"home",5,"Leo
Pogba",2,2504.25,4104
3,"home",5,"Kevin
Bale",2,2761.5,4191.75
3,"home",6,"Sergio
Umtiti",4,2785.125,1353.375
3,"home",6,"Samuel
Pogba",2,2698.5,1468.125
3,"home",6,"Paul
Ramos",6,2787.75,1446.75
3,"home",6,"Christiano
Cavani",24,2777.25,1659.09375
3,"home",6,"Samuel
Ramos",8,2932.125,943.3125
3,"home",6,"Muhamed
Salah",1,3496.5,1910.25
3,"home",6,"Kevin
Bale",1,3192,418.5
3,"home",7,"Edinson
Cavani",2,3974.25,5629.5
3,"home",7,"Muhamed
Ronaldo",5,3920.7,5113.8
3,"home",7,"Sergio
Umtiti",6,4298,5559.75
3,"home",7,"Paul
Ramos",1,4819.5,4657.5
3,"home",7,"Christiano
De Bruyne",16,4435.59375,5464.125
3,"home",7,"Christiano
Cavani",1,4042.5,6351.75
3,"home",7,"Kevin
Ramos",8,4532.0625,6172.03125
3,"home",7,"Antoine
Umtiti",2,5024.25,5275.125
3,"home",7,"Muhamed
Salah",1,5008.5,6210
3,"home",7,"Kevin
Bale",3,4826.5,5481
3,"home",8,"Edinson
Cavani",1,3748.5,4104
3,"home",8,"Muhamed
Ronaldo",7,4524,3394.28571428571
3,"home",8,"Sergio
Umtiti",3,3867.5,2722.5
3,"home",8,"Paul
Ramos",19,4429.34210526316,3411.23684210526
3,"home",8,"Christiano
De Bruyne",5,4487.7,4054.05
3,"home",8,"Christiano
Cavani",12,4102.875,3525.1875
3,"home",8,"Kevin
Ramos",1,4347,4191.75
3,"home",8,"Samuel
Ramos",1,4420.5,2544.75
3,"home",8,"Antoine
Umtiti",2,3774.75,3456
3,"home",8,"Leo
Cavani",1,3990,3105
3,"home",8,"Muhamed
Salah",1,4704,2328.75
3,"home",8,"Kevin
Bale",4,4270.875,3403.6875
3,"home",9,"Edinson
Cavani",2,4457.25,1360.125
3,"home",9,"Sergio
Umtiti",12,4179.875,1239.1875
3,"home",9,"Samuel
Pogba",4,4798.5,455.625
3,"home",9,"Paul
Ramos",10,4274.55,1530.225
3,"home",9,"Christiano
Cavani",9,4244.33333333333,1509.75
3,"home",9,"Samuel
Ramos",16,4362.75,1002.375
3,"home",9,"Antoine
Umtiti",1,4305,1849.5
3,"home",9,"Kevin
Bale",1,5124,870.75
3,"home",10,"Edinson
Cavani",1,6436.5,6750
3,"home",10,"Muhamed
Ronaldo",11,6310.5,5349.06818181818
3,"home",10,"Sergio
Umtiti",6,6606.25,5106.375
3,"home",10,"Paul
Ramos",6,6163.5,4855.5
3,"home",10,"Christiano
De Bruyne",10,6109.95,5904.9
3,"home",10,"Kevin
Ramos",15,6196.4,6105.15
3,"home",10,"Antoine
Umtiti",2,5853.75,5940
3,"home",10,"Kevin
Bale",5,6077.4,5332.5
3,"home",11,"Edinson
Cavani",5,5596.5,3473.55
3,"home",11,"Muhamed
Ronaldo",4,6276.375,3324.375
3,"home",11,"Sergio
Umtiti",3,6401.5,2866.5
3,"home",11,"Samuel
Pogba",1,5848.5,2430
3,"home",11,"Paul
Ramos",16,5793.375,3385.125
3,"home",11,"Christiano
De Bruyne",1,5796,4320
3,"home",11,"Christiano
Cavani",1,6961.5,3435.75
3,"home",11,"Antoine
Umtiti",3,6149.5,3786.75
3,"home",11,"Muhamed
Salah",2,6048,3175.875
3,"home",11,"Kevin
Bale",2,5643.75,3024
3,"home",12,"Edinson
Cavani",1,5964,452.25
3,"home",12,"Sergio
Umtiti",10,6335.7,1117.8
3,"home",12,"Samuel
Pogba",5,6321,368.55
3,"home",12,"Paul
Ramos",6,6209,1158.75
3,"home",12,"Christiano
Cavani",2,5486.25,860.625
3,"home",12,"Samuel
Ramos",18,6364.16666666667,767.25
3,"home",12,"Antoine
Umtiti",4,5840.625,1739.8125
3,"home",12,"Kevin
Bale",3,6135.5,803.25
3,"home",13,"Edinson
Cavani",5,7746.9,5428.35
3,"home",13,"Muhamed
Ronaldo",4,7662.375,5383.125
3,"home",13,"Sergio
Umtiti",7,7615.5,5201.35714285714
3,"home",13,"Paul
Ramos",1,8011.5,6135.75
3,"home",13,"Christiano
De Bruyne",6,7693,5896.125
3,"home",13,"Kevin
Ramos",12,7700,5769
3,"home",13,"Antoine
Umtiti",3,7605.5,5152.5
3,"home",13,"Muhamed
Salah",4,7846.125,5681.8125
3,"home",13,"Kevin
Bale",4,7788.375,5168.8125
3,"home",14,"Edinson
Cavani",13,7883.88461538462,3528.17307692308
3,"home",14,"Muhamed
Ronaldo",5,7633.5,3599.1
3,"home",14,"Sergio
Umtiti",6,7553,3440.25
3,"home",14,"Paul
Ramos",6,7213.5,3853.125
3,"home",14,"Antoine
Umtiti",3,7605.5,3249
3,"home",14,"Muhamed
Salah",3,7829.5,3665.25
3,"home",14,"Kevin
Bale",1,7224,4104
3,"home",15,"Edinson
Cavani",6,7925.75,1747.125
3,"home",15,"Sergio
Umtiti",5,7694.4,1128.6
3,"home",15,"Samuel
Pogba",12,7877.625,505.6875
3,"home",15,"Paul
Ramos",2,7549.5,2112.75
3,"home",15,"Samuel
Ramos",14,7591.5,643.660714285714
3,"home",15,"Antoine
Umtiti",2,7292.25,1485
3,"home",15,"Leo
Cavani",1,7875,992.25
3,"home",15,"Muhamed
Salah",8,7707,820.125
3,"home",15,"Kevin
Bale",3,7581,598.5
3,"home",16,"Edinson
Cavani",3,9380,5589
3,"home",16,"Muhamed
Ronaldo",3,9390.5,5798.25
3,"home",16,"Sergio
Umtiti",4,9408,5676.75
3,"home",16,"Kevin
Ramos",18,9357.83333333333,6122.625
3,"home",16,"Kevin
Bale",3,9523.5,5769
3,"home",17,"Edinson
Cavani",1,8862,4461.75
3,"home",17,"Muhamed
Ronaldo",1,9355.5,4401
3,"home",17,"Samuel
Pogba",1,9628.5,2450.25
3,"home",17,"Christiano
Cavani",1,9145.5,2598.75
3,"home",17,"Kevin
Ramos",1,9481.5,3786.75
3,"home",17,"Muhamed
Salah",5,9506.7,3581.55
3,"home",18,"Edinson
Cavani",6,9651.25,1220.625
3,"home",18,"Sergio
Umtiti",2,9297.75,303.75
3,"home",18,"Samuel
Pogba",6,9702,884.25
3,"home",18,"Christiano
De Bruyne",1,9607.5,1748.25
3,"home",18,"Samuel
Ramos",3,9229.5,1041.75
3,"home",18,"Leo
Cavani",2,9376.5,1080
3,"home",18,"Muhamed
Salah",1,10132.5,823.5
3,"home",18,"Kevin
Bale",2,10284.75,1657.125
2,"away",1,"Paul
Salah",3,1078,4914
2,"away",1,"Antoine
Griezmann",1,1071,4698
2,"away",1,"Samuel
Salah",4,800.625,6552.5625
2,"away",1,"Kevin
Ronaldo",1,1554,6493.5
2,"away",2,"Paul
Salah",1,1722,3631.5
2,"away",2,"Leo
Messi",20,955.5,3066.525
2,"away",2,"Samuel
Salah",1,1281,4077
2,"away",3,"Antoine
Griezmann",1,871.5,1296
2,"away",3,"Sergio
Ronaldo",2,1044.75,857.25
2,"away",3,"Sergio
Bale",1,1470,2119.5
2,"away",3,"Leo
Messi",3,1606.5,2058.75
2,"away",4,"Antoine
Pogba",1,3454.5,6007.5
2,"away",4,"Paul
Salah",9,3061.33333333333,5337
2,"away",4,"Muhamed
Messi",1,3034.5,6345
2,"away",4,"Samuel
Bale",2,2908.5,5089.5
2,"away",4,"Sergio
Bale",1,3055.5,4785.75
2,"away",4,"Samuel
Salah",6,2808.75,6397.875
2,"away",4,"Christiano
Pogba",2,3239.25,5751
2,"away",4,"Kevin
Ronaldo",2,3055.5,6291
2,"away",5,"Kevin
Messi",2,3066,3432.375
2,"away",5,"Antoine
Pogba",2,2504.25,3375
2,"away",5,"Paul
Salah",1,2383.5,2781
2,"away",5,"Antoine
Griezmann",1,3076.5,3759.75
2,"away",5,"Samuel
Bale",2,2761.5,3594.375
2,"away",5,"Paul
Griezmann",2,3333.75,3618
2,"away",5,"Sergio
Bale",1,2877,3287.25
2,"away",5,"Leo
Messi",2,2052.75,2997
2,"away",5,"Kevin
Ronaldo",1,3465,2801.25
2,"away",6,"Antoine
Pogba",2,2913.75,1269
2,"away",6,"Paul
Salah",1,3171,1883.25
2,"away",6,"Sergio
Ronaldo",5,2727.9,649.35
2,"away",6,"Sergio
Bale",4,2785.125,963.5625
2,"away",6,"Christiano
Pogba",1,3055.5,1620
2,"away",7,"Kevin
Messi",1,4336.5,5845.5
2,"away",7,"Antoine
Pogba",3,4588.5,5334.75
2,"away",7,"Paul
Salah",3,4599,4974.75
2,"away",7,"Antoine
Griezmann",8,4528.125,5086.96875
2,"away",7,"Samuel
Bale",5,4565.4,5405.4
2,"away",7,"Paul
Griezmann",2,4305,4934.25
2,"away",7,"Sergio
Bale",1,3927,6277.5
2,"away",7,"Samuel
Salah",6,4347,6104.25
2,"away",7,"Kevin
Ronaldo",2,3696,5450.625
2,"away",8,"Kevin
Messi",1,4357.5,2268
2,"away",8,"Paul
Salah",6,4179,3165.75
2,"away",8,"Antoine
Griezmann",2,4331.25,3452.625
2,"away",8,"Paul
Griezmann",2,4478.25,3314.25
2,"away",8,"Sergio
Bale",5,4244.1,3154.95
2,"away",9,"Antoine
Pogba",6,4361,1153.125
2,"away",9,"Paul
Salah",2,4399.5,1684.125
2,"away",9,"Leo
Griezmann",4,4449.375,572.0625
2,"away",9,"Antoine
Griezmann",4,4289.25,1922.0625
2,"away",9,"Samuel
Bale",1,4945.5,1802.25
2,"away",9,"Sergio
Ronaldo",14,4314.75,635.464285714286
2,"away",9,"Paul
Griezmann",3,4315.5,1552.5
2,"away",9,"Sergio
Bale",11,4464.40909090909,1104.54545454545
2,"away",9,"Christiano
Pogba",3,4238.5,1595.25
2,"away",10,"Kevin
Messi",4,5974.5,6061.5
2,"away",10,"Antoine
Pogba",3,6037.5,6009.75
2,"away",10,"Paul
Salah",2,5890.5,5234.625
2,"away",10,"Leo
Griezmann",2,5979.75,6118.875
2,"away",10,"Antoine
Griezmann",7,6250.5,5366.25
2,"away",10,"Muhamed
Messi",2,5775,4971.375
2,"away",10,"Samuel
Bale",7,6034.5,5541.75
2,"away",10,"Samuel
Salah",11,6044.18181818182,5919.75
2,"away",10,"Kevin
Ronaldo",3,6118,6351.75
2,"away",11,"Kevin
Messi",3,6090,3755.25
2,"away",11,"Antoine
Pogba",3,5656,3406.5
2,"away",11,"Paul
Salah",1,5407.5,3948.75
2,"away",11,"Antoine
Griezmann",8,5948.25,3039.1875
2,"away",11,"Samuel
Bale",1,6604.5,4482
2,"away",11,"Paul
Griezmann",5,6171.9,3365.55
2,"away",11,"Sergio
Bale",2,6011.25,3486.375
2,"away",11,"Samuel
Salah",1,5628,3942
2,"away",11,"Christiano
Pogba",1,6153,4441.5
2,"away",12,"Antoine
Pogba",1,6657,1728
2,"away",12,"Leo
Griezmann",17,6320.38235294118,755.205882352941
2,"away",12,"Antoine
Griezmann",6,6081.25,1990.125
2,"away",12,"Samuel
Bale",5,6585.6,1188
2,"away",12,"Sergio
Ronaldo",18,6430.08333333333,639.375
2,"away",12,"Paul
Griezmann",11,6143.45454545455,1566
2,"away",12,"Sergio
Bale",2,5848.5,891
2,"away",13,"Kevin
Messi",8,8133.5625,6132.375
2,"away",13,"Antoine
Pogba",2,7827.75,5342.625
2,"away",13,"Paul
Salah",2,8337,5315.625
2,"away",13,"Leo
Griezmann",4,7657.125,6179.625
2,"away",13,"Antoine
Griezmann",6,7656.25,5479.875
2,"away",13,"Samuel
Bale",5,7851.9,5506.65
2,"away",13,"Paul
Griezmann",2,8048.25,5207.625
2,"away",13,"Samuel
Salah",9,7862.16666666667,6006.75
2,"away",13,"Christiano
Pogba",1,7864.5,6115.5
2,"away",13,"Kevin
Ronaldo",1,7822.5,6621.75
2,"away",14,"Kevin
Messi",3,7896,4086
2,"away",14,"Antoine
Pogba",5,7980,3119.85
2,"away",14,"Leo
Griezmann",1,8568,2943
2,"away",14,"Muhamed
Messi",1,7644,3334.5
2,"away",14,"Samuel
Bale",1,7612.5,3746.25
2,"away",14,"Sergio
Ronaldo",1,7770,4414.5
2,"away",14,"Paul
Griezmann",4,7224,3714.1875
2,"away",14,"Samuel
Salah",1,7150.5,2274.75
2,"away",14,"Christiano
Pogba",1,7717.5,2808
2,"away",15,"Antoine
Pogba",4,7819.875,1479.9375
2,"away",15,"Leo
Griezmann",9,7561.16666666667,876
2,"away",15,"Samuel
Bale",4,7995.75,1603.125
2,"away",15,"Sergio
Ronaldo",9,7744.33333333333,381.75
2,"away",15,"Paul
Griezmann",2,7591.5,762.75
2,"away",15,"Christiano
Pogba",1,7644,1377
2,"away",16,"Antoine
Pogba",2,9586.5,5609.25
2,"away",16,"Samuel
Bale",4,9232.125,6044.625
2,"away",16,"Paul
Griezmann",2,9313.5,5504.625
2,"away",16,"Samuel
Salah",2,9465.75,5146.875
2,"away",16,"Christiano
Pogba",1,8883,6520.5
2,"away",16,"Kevin
Ronaldo",1,10059,5089.5
2,"away",17,"Kevin
Messi",2,9738.75,3510
2,"away",17,"Antoine
Pogba",2,9738.75,2956.5
2,"away",17,"Paul
Salah",1,9660,3172.5
2,"away",17,"Leo
Griezmann",4,9444.75,3376.6875
2,"away",17,"Antoine
Griezmann",1,9460.5,3307.5
2,"away",18,"Antoine
Pogba",3,9327.5,1930.5
2,"away",18,"Leo
Griezmann",10,9759.75,1878.525
2,"away",18,"Samuel
Bale",2,9434.25,604.125
2,"away",18,"Sergio
Ronaldo",4,9594.375,573.75
2,"home",1,"Paul
Bale",3,945,5226.75
2,"home",1,"Gareth
Ramos",2,1218,6048
2,"home",1,"Muhamed
De Bruyne",2,472.5,4671
2,"home",2,"Edinson
Salah",1,1165.5,4104
2,"home",2,"Muhamed
De Bruyne",26,923.596153846154,3524.27884615385
2,"home",3,"Paul
Bale",3,1494.5,929.25
2,"home",3,"Kevin
Pogba",3,857.5,706.5
2,"home",3,"Paul
Ronaldo",1,1323,249.75
2,"home",4,"Muhamed
Pogba",1,3444,5494.5
2,"home",4,"Christiano
Umtiti",2,2457,4731.75
2,"home",4,"Paul
Bale",10,2923.2,5140.125
2,"home",4,"Paul
Ronaldo",10,2744.7,5854.95
2,"home",4,"Gareth
Ramos",5,2988.3,5575.5
2,"home",4,"Muhamed
De Bruyne",1,2068.5,4684.5
2,"home",4,"Leo
Umtiti",1,2079,5130
2,"home",4,"Samuel
De Bruyne",1,3286.5,6000.75
2,"home",5,"Leo
Ramos",2,3349.5,2754
2,"home",5,"Christiano
Umtiti",2,2462.25,3901.5
2,"home",5,"Antoine
Cavani",1,2856,3206.25
2,"home",5,"Edinson
Umtiti",2,3113.25,3884.625
2,"home",5,"Edinson
Salah",10,3124.8,3490.425
2,"home",5,"Paul
Bale",10,3148.95,3611.925
2,"home",5,"Kevin
Pogba",3,2961,2787.75
2,"home",5,"Muhamed
De Bruyne",6,2406.25,3318.75
2,"home",5,"Leo
Umtiti",4,3045,3349.6875
2,"home",5,"Samuel
De Bruyne",1,3013.5,2841.75
2,"home",6,"Leo
Ramos",1,3454.5,1005.75
2,"home",6,"Christiano
Umtiti",1,2257.5,1518.75
2,"home",6,"Edinson
Salah",2,3045,1917
2,"home",6,"Paul
Bale",10,2873.85,1630.8
2,"home",6,"Kevin
Pogba",6,2691.5,364.5
2,"home",6,"Leo
Umtiti",5,2889.6,1671.3
2,"home",7,"Muhamed
Pogba",3,4623.5,4977
2,"home",7,"Christiano
Umtiti",11,4250.59090909091,5211
2,"home",7,"Antoine
Cavani",7,4320,5670
2,"home",7,"Edinson
Umtiti",3,3983,5028.75
2,"home",7,"Edinson
Salah",8,4188.1875,4897.125
2,"home",7,"Paul
Bale",8,4391.625,5308.875
2,"home",7,"Paul
Ronaldo",6,4144,5025.375
2,"home",7,"Gareth
Ramos",18,4111.91666666667,6235.125
2,"home",7,"Samuel
De Bruyne",3,4854.5,4927.5
2,"home",8,"Leo
Ramos",3,4193,3163.5
2,"home",8,"Muhamed
Pogba",4,5236.875,3381.75
2,"home",8,"Christiano
Umtiti",3,4448.5,3897
2,"home",8,"Antoine
Cavani",3,4459,4178.25
2,"home",8,"Edinson
Umtiti",3,4315.5,3237.75
2,"home",8,"Edinson
Salah",10,4122.3,3578.175
2,"home",8,"Paul
Bale",6,4058.25,3559.5
2,"home",8,"Paul
Ronaldo",3,4280.5,4286.25
2,"home",8,"Gareth
Ramos",1,4588.5,3334.5
2,"home",8,"Leo
Umtiti",2,3895.5,3034.125
2,"home",8,"Samuel
De Bruyne",1,4830,3044.25
2,"home",9,"Leo
Ramos",4,4488.75,772.875
2,"home",9,"Edinson
Umtiti",5,4183.2,1941.3
2,"home",9,"Edinson
Salah",3,4032,1401.75
2,"home",9,"Paul
Bale",8,4184.25,1760.90625
2,"home",9,"Kevin
Pogba",6,3858.75,685.125
2,"home",9,"Leo
Umtiti",11,4172.31818181818,1734.75
2,"home",9,"Samuel
De Bruyne",2,4184.25,934.875
2,"home",9,"Samuel
Cavani",1,4641,769.5
2,"home",10,"Muhamed
Pogba",1,6783,4718.25
2,"home",10,"Christiano
Umtiti",14,6258,5275.60714285714
2,"home",10,"Antoine
Cavani",10,6527.85,5298.075
2,"home",10,"Edinson
Salah",9,6293,4998.75
2,"home",10,"Paul
Bale",4,6132,5064.1875
2,"home",10,"Paul
Ronaldo",3,5929,5618.25
2,"home",10,"Gareth
Ramos",18,6383.41666666667,6153.75
2,"home",10,"Samuel
De Bruyne",2,6804,5764.5
2,"home",11,"Muhamed
Pogba",6,6006,3737.25
2,"home",11,"Christiano
Umtiti",6,6270.25,3466.125
2,"home",11,"Antoine
Cavani",5,6335.7,3435.75
2,"home",11,"Edinson
Umtiti",5,6589.8,2959.2
2,"home",11,"Edinson
Salah",4,6050.625,3699
2,"home",11,"Paul
Bale",3,5813.5,3780
2,"home",11,"Paul
Ronaldo",2,5596.5,4279.5
2,"home",11,"Leo
Umtiti",3,5649,2470.5
2,"home",11,"Samuel
De Bruyne",2,6546.75,3418.875
2,"home",12,"Leo
Ramos",6,6580,865.125
2,"home",12,"Muhamed
Pogba",1,6888,1701
2,"home",12,"Christiano
Umtiti",2,6100.5,1842.75
2,"home",12,"Antoine
Cavani",1,5691,2247.75
2,"home",12,"Edinson
Umtiti",7,6126,1151.35714285714
2,"home",12,"Edinson
Salah",7,6184.5,1277.67857142857
2,"home",12,"Paul
Bale",1,5775,553.5
2,"home",12,"Kevin
Pogba",20,6204.45,737.775
2,"home",12,"Leo
Umtiti",11,6088.09090909091,1548.81818181818
2,"home",12,"Samuel
De Bruyne",1,5617.5,1620
2,"home",12,"Samuel
Cavani",2,6279,810
2,"home",13,"Muhamed
Pogba",3,8085,5532.75
2,"home",13,"Christiano
Umtiti",5,7694.4,5250.15
2,"home",13,"Antoine
Cavani",18,7592.66666666667,5665.875
2,"home",13,"Edinson
Umtiti",1,7192.5,5622.75
2,"home",13,"Edinson
Salah",2,7182,4728.375
2,"home",13,"Gareth
Ramos",18,7926.33333333333,5876.25
2,"home",13,"Samuel
De Bruyne",6,7343,5365.125
2,"home",14,"Leo
Ramos",2,8127,2352.375
2,"home",14,"Muhamed
Pogba",2,7376.25,3901.5
2,"home",14,"Christiano
Umtiti",6,7336,3456
2,"home",14,"Antoine
Cavani",7,7942.5,3534.10714285714
2,"home",14,"Edinson
Umtiti",7,7729.5,3112.71428571429
2,"home",14,"Edinson
Salah",2,7607.25,4181.625
2,"home",14,"Gareth
Ramos",1,8064,4090.5
2,"home",15,"Leo
Ramos",9,7808.5,1227.75
2,"home",15,"Muhamed
Pogba",1,7140,1660.5
2,"home",15,"Christiano
Umtiti",2,7460.25,1171.125
2,"home",15,"Antoine
Cavani",3,7465.5,1818
2,"home",15,"Edinson
Umtiti",5,7539,811.35
2,"home",15,"Edinson
Salah",2,7266,1434.375
2,"home",15,"Kevin
Pogba",12,7699.125,776.8125
2,"home",15,"Samuel
De Bruyne",2,7371,1701
2,"home",15,"Samuel
Cavani",2,7764.75,526.5
2,"home",16,"Muhamed
Pogba",1,9555,5062.5
2,"home",16,"Antoine
Cavani",10,9518.25,5578.875
2,"home",16,"Edinson
Umtiti",1,9975,6331.5
2,"home",16,"Gareth
Ramos",4,9308.25,5897.8125
2,"home",17,"Muhamed
Pogba",1,9040.5,3186
2,"home",17,"Antoine
Cavani",3,9299.5,3557.25
2,"home",17,"Edinson
Umtiti",1,9271.5,2308.5
2,"home",17,"Samuel
De Bruyne",1,8799,2349
2,"home",18,"Leo
Ramos",9,9448.83333333333,1245.75
2,"home",18,"Edinson
Umtiti",2,9560.25,1292.625
2,"home",18,"Kevin
Pogba",6,9619.75,176.625
2,"home",18,"Samuel
De Bruyne",1,8851.5,1215
2,"home",18,"Samuel
Cavani",3,9516.5,630
1,"away",1,"Samuel
Ronaldo",1,1155,5481
1,"away",1,"Christiano
Ronaldo",3,1309,6183
1,"away",1,"Gareth
Salah",2,981.75,5025.375
1,"away",1,"Antoine
Messi",6,1312.5,6268.5
1,"away",1,"Kevin
De Bruyne",1,1512,5859
1,"away",2,"Christiano
Ronaldo",1,1627.5,4380.75
1,"away",2,"Gareth
Salah",31,895.887096774194,3478.42741935484
1,"away",2,"Kevin
De Bruyne",1,903,3537
1,"away",3,"Samuel
Messi",2,1386,1042.875
1,"away",3,"Gareth
De Bruyne",1,1144.5,418.5
1,"away",3,"Gareth
Salah",1,1543.5,1890
1,"away",3,"Kevin
Umtiti",1,1522.5,438.75
1,"away",3,"Kevin
De Bruyne",2,519.75,999
1,"away",4,"Antoine
Bale",1,2352,6554.25
1,"away",4,"Leo
Bale",2,3218.25,5383.125
1,"away",4,"Gareth
De Bruyne",1,2772,5022
1,"away",4,"Christiano
Ronaldo",11,2660.31818181818,5536.84090909091
1,"away",4,"Kevin
Umtiti",3,2877,5724
1,"away",4,"Antoine
Messi",11,2540.04545454545,6654.27272727273
1,"away",5,"Antoine
Bale",1,2919,4023
1,"away",5,"Sergio
Pogba",1,2373,2781
1,"away",5,"Leo
Bale",2,2950.5,3715.875
1,"away",5,"Christiano
Ronaldo",3,2639,4081.5
1,"away",5,"Gareth
Salah",8,2082.9375,3129.46875
1,"away",5,"Kevin
Umtiti",2,2950.5,3307.5
1,"away",5,"Kevin
De Bruyne",1,3097.5,2538
1,"away",6,"Samuel
Ronaldo",1,3234,1505.25
1,"away",6,"Sergio
Pogba",2,2703.75,837
1,"away",6,"Samuel
Messi",4,3110.625,408.375
1,"away",6,"Leo
Bale",1,3339,1134
1,"away",6,"Gareth
De Bruyne",3,2282,1068.75
1,"away",6,"Kevin
Umtiti",4,2677.5,1107
1,"away",6,"Kevin
De Bruyne",8,2694.5625,1188.84375
1,"away",7,"Antoine
Bale",3,4140.5,5258.25
1,"away",7,"Sergio
Pogba",1,4830,5575.5
1,"away",7,"Leo
Bale",5,4118.1,5784.75
1,"away",7,"Christiano
Ronaldo",3,3836,5562
1,"away",7,"Antoine
Messi",7,4327.5,6222.53571428571
1,"away",7,"Gareth
Messi",1,4389,5474.25
1,"away",8,"Samuel
Ronaldo",1,4126.5,3645
1,"away",8,"Antoine
Bale",2,4562.25,2946.375
1,"away",8,"Sergio
Pogba",5,4643.1,3264.3
1,"away",8,"Edinson
Bale",1,4693.5,2409.75
1,"away",8,"Samuel
Messi",1,3906,2531.25
1,"away",8,"Leo
Bale",5,4307.1,3381.75
1,"away",8,"Gareth
De Bruyne",1,4441.5,2274.75
1,"away",8,"Christiano
Ronaldo",8,4324.6875,3509.15625
1,"away",8,"Kevin
Umtiti",1,3874.5,4144.5
1,"away",8,"Muhamed
Umtiti",1,3937.5,2740.5
1,"away",8,"Kevin
De Bruyne",4,4100.25,3552.1875
1,"away",9,"Sergio
Pogba",1,4441.5,2146.5
1,"away",9,"Edinson
Bale",2,3612,637.875
1,"away",9,"Samuel
Messi",11,4417.63636363636,840.681818181818
1,"away",9,"Leo
Bale",4,4255.125,1658.8125
1,"away",9,"Gareth
De Bruyne",2,4599,1447.875
1,"away",9,"Kevin
Umtiti",4,4307.625,1390.5
1,"away",9,"Kevin
De Bruyne",4,4108.125,1385.4375
1,"away",10,"Samuel
Ronaldo",2,6478.5,6105.375
1,"away",10,"Antoine
Bale",4,6717.375,6456.375
1,"away",10,"Sergio
Pogba",1,5355,5818.5
1,"away",10,"Samuel
Messi",1,5712,6635.25
1,"away",10,"Leo
Bale",6,5684,4950
1,"away",10,"Christiano
Ronaldo",5,6255.9,5593.05
1,"away",10,"Kevin
Umtiti",1,6846,5440.5
1,"away",10,"Antoine
Messi",8,6255.375,6298.59375
1,"away",10,"Gareth
Messi",3,6247.5,5802.75
1,"away",11,"Samuel
Ronaldo",1,5260.5,3334.5
1,"away",11,"Antoine
Bale",5,6388.2,3456
1,"away",11,"Sergio
Pogba",2,6121.5,3486.375
1,"away",11,"Leo
Bale",9,6158.83333333333,3320.25
1,"away",11,"Gareth
De Bruyne",2,5701.5,2700
1,"away",11,"Christiano
Ronaldo",1,5260.5,4002.75
1,"away",11,"Kevin
Umtiti",8,6363,3788.4375
1,"away",11,"Antoine
Messi",1,6730.5,3692.25
1,"away",11,"Kevin
De Bruyne",1,5565,2666.25
1,"away",12,"Samuel
Ronaldo",3,6044.5,1044
1,"away",12,"Antoine
Bale",2,6268.5,475.875
1,"away",12,"Sergio
Pogba",8,5967.9375,702.84375
1,"away",12,"Edinson
Bale",3,6041,1095.75
1,"away",12,"Samuel
Messi",15,6105.4,471.15
1,"away",12,"Leo
Bale",4,6510,1560.9375
1,"away",12,"Gareth
De Bruyne",1,5365.5,1066.5
1,"away",12,"Christiano
Ronaldo",2,5549.25,1947.375
1,"away",12,"Kevin
Umtiti",5,6094.2,1482.3
1,"away",12,"Kevin
De Bruyne",2,6048,857.25
1,"away",13,"Samuel
Ronaldo",1,7528.5,6453
1,"away",13,"Antoine
Bale",2,7103.25,5548.5
1,"away",13,"Leo
Bale",1,7108.5,5926.5
1,"away",13,"Antoine
Messi",4,7709.625,6152.625
1,"away",13,"Muhamed
Umtiti",4,7609.875,5394.9375
1,"away",13,"Gareth
Messi",3,7455,6014.25
1,"away",14,"Samuel
Ronaldo",3,8221.5,3242.25
1,"away",14,"Antoine
Bale",1,7035,3010.5
1,"away",14,"Sergio
Pogba",4,8245.125,3380.0625
1,"away",14,"Edinson
Bale",1,7602,2990.25
1,"away",14,"Leo
Bale",1,7581,2909.25
1,"away",14,"Kevin
Umtiti",3,7490,4200.75
1,"away",14,"Muhamed
Umtiti",1,7959,3948.75
1,"away",14,"Gareth
Messi",3,7490,3606.75
1,"away",15,"Samuel
Ronaldo",4,7638.75,1083.375
1,"away",15,"Antoine
Bale",1,7938,276.75
1,"away",15,"Sergio
Pogba",10,7778.4,1266.975
1,"away",15,"Edinson
Bale",6,7831.25,1017
1,"away",15,"Samuel
Messi",4,7633.5,703.6875
1,"away",15,"Leo
Bale",1,7056,2193.75
1,"away",15,"Kevin
Umtiti",2,7644,1586.25
1,"away",16,"Antoine
Messi",2,9607.5,5821.875
1,"away",16,"Muhamed
Umtiti",1,9492,5238
1,"away",17,"Samuel
Ronaldo",1,10227,2450.25
1,"away",17,"Antoine
Bale",2,9381.75,2443.5
1,"away",17,"Sergio
Pogba",2,9397.5,3418.875
1,"away",17,"Edinson
Bale",1,9219,2625.75
1,"away",18,"Samuel
Ronaldo",2,8998.5,1954.125
1,"away",18,"Sergio
Pogba",1,9103.5,2031.75
1,"away",18,"Samuel
Messi",1,8956.5,168.75
1,"away",18,"Kevin
Umtiti",1,9723,762.75
1,"away",18,"Antoine
Messi",1,9114,533.25
1,"away",18,"Kevin
De Bruyne",1,10405.5,985.5
1,"away",18,"Gareth
Messi",1,8946,1883.25
1,"home",1,"Gareth
Griezmann",1,472.5,6318
1,"home",1,"Paul
De Bruyne",5,1148.7,5672.7
1,"home",1,"Kevin
Cavani",2,1207.5,4951.125
1,"home",2,"Gareth
Griezmann",1,1134,4185
1,"home",2,"Gareth
Cavani",1,1533,3010.5
1,"home",2,"Kevin
Cavani",13,1026.57692307692,2941.96153846154
1,"home",3,"Edinson
Griezmann",2,1113,1447.875
1,"home",3,"Antoine
Ramos",2,1023.75,1734.75
1,"home",3,"Kevin
Cavani",1,1239,2106
1,"home",4,"Christiano
Messi",8,3114.5625,5306.34375
1,"home",4,"Leo
Ronaldo",2,2735.25,6351.75
1,"home",4,"Gareth
Griezmann",6,3071.25,6566.625
1,"home",4,"Paul
De Bruyne",21,2777,5142.21428571429
1,"home",5,"Paul
Umtiti",1,2362.5,4279.5
1,"home",5,"Christiano
Messi",11,3050.72727272727,3096.40909090909
1,"home",5,"Christiano
Salah",2,3024,3621.375
1,"home",5,"Edinson
De Bruyne",3,3272.5,2486.25
1,"home",5,"Gareth
Cavani",11,2776.77272727273,2615.93181818182
1,"home",5,"Paul
De Bruyne",5,3024,3510
1,"home",5,"Kevin
Cavani",2,2551.5,3071.25
1,"home",5,"Edinson
Ramos",1,3486,4259.25
1,"home",6,"Paul
Umtiti",1,3412.5,1687.5
1,"home",6,"Christiano
Messi",1,3234,1572.75
1,"home",6,"Christiano
Salah",1,1984.5,1802.25
1,"home",6,"Edinson
De Bruyne",4,2824.5,1554.1875
1,"home",6,"Gareth
Cavani",35,2924.1,1559.63571428571
1,"home",6,"Antoine
Ramos",5,3049.2,610.2
1,"home",6,"Muhamed
Cavani",2,2604,884.25
1,"home",6,"Edinson
Ramos",1,3265.5,1579.5
1,"home",7,"Paul
Umtiti",1,4693.5,6149.25
1,"home",7,"Christiano
Messi",19,4503.3947368421,5351.68421052632
1,"home",7,"Leo
Ronaldo",7,4324.5,5799.21428571429
1,"home",7,"Gareth
Griezmann",11,4431.95454545455,6023.45454545455
1,"home",7,"Edinson
De Bruyne",1,5187,4556.25
1,"home",7,"Paul
De Bruyne",23,4139.28260869565,5100.0652173913
1,"home",8,"Paul
Umtiti",4,4690.875,3327.75
1,"home",8,"Christiano
Messi",18,4129.41666666667,3606.75
1,"home",8,"Christiano
Salah",6,4397.75,3810.375
1,"home",8,"Edinson
De Bruyne",13,4402.73076923077,2985.05769230769
1,"home",8,"Gareth
Cavani",14,4433.25,2732.30357142857
1,"home",8,"Paul
De Bruyne",4,4625.25,4152.9375
1,"home",8,"Antoine
Ramos",1,4095,2679.75
1,"home",8,"Edinson
Ramos",4,4706.625,3783.375
1,"home",9,"Christiano
Messi",3,4518.5,1138.5
1,"home",9,"Christiano
Salah",1,4809,1829.25
1,"home",9,"Edinson
Griezmann",5,4176.9,1495.8
1,"home",9,"Edinson
De Bruyne",8,4101.5625,1513.6875
1,"home",9,"Gareth
Cavani",19,4112.13157894737,1352.48684210526
1,"home",9,"Antoine
Ramos",26,4312.26923076923,652.153846153846
1,"home",9,"Sergio
Griezmann",1,5239.5,2227.5
1,"home",9,"Edinson
Ramos",9,4061.16666666667,1512
1,"home",10,"Paul
Umtiti",4,6268.5,5474.25
1,"home",10,"Christiano
Messi",9,5952.33333333333,5160
1,"home",10,"Christiano
Salah",4,6502.125,5391.5625
1,"home",10,"Leo
Ronaldo",2,6882.75,5352.75
1,"home",10,"Gareth
Griezmann",9,6181,6100.5
1,"home",10,"Edinson
De Bruyne",3,6394.5,4887
1,"home",10,"Paul
De Bruyne",13,6107.76923076923,5311.73076923077
1,"home",11,"Paul
Umtiti",5,6505.8,3846.15
1,"home",11,"Christiano
Messi",15,6191.5,3427.2
1,"home",11,"Christiano
Salah",7,6126,3626.67857142857
1,"home",11,"Edinson
Griezmann",2,6221.25,2615.625
1,"home",11,"Leo
Ronaldo",1,5848.5,3928.5
1,"home",11,"Gareth
Griezmann",2,5796,4299.75
1,"home",11,"Edinson
De Bruyne",10,6154.05,3227.175
1,"home",11,"Gareth
Cavani",5,5951.4,2629.8
1,"home",11,"Antoine
Ramos",1,6594,3226.5
1,"home",11,"Sergio
Griezmann",3,6807.5,3946.5
1,"home",12,"Christiano
Messi",8,6196.3125,1604.8125
1,"home",12,"Christiano
Salah",2,6268.5,2109.375
1,"home",12,"Edinson
Griezmann",10,6037.5,928.8
1,"home",12,"Edinson
De Bruyne",19,6034.18421052632,1384.10526315789
1,"home",12,"Gareth
Cavani",12,5798.625,1577.8125
1,"home",12,"Antoine
Ramos",18,6147.75,489.375
1,"home",12,"Muhamed
Cavani",1,6510,2058.75
1,"home",12,"Edinson
Ramos",4,6016.5,1819.125
1,"home",13,"Christiano
Messi",5,7681.8,5626.8
1,"home",13,"Christiano
Salah",3,7728,5294.25
1,"home",13,"Edinson
Griezmann",1,7087.5,4860
1,"home",13,"Leo
Ronaldo",7,7894.5,5506.07142857143
1,"home",13,"Gareth
Griezmann",10,7648.2,6306.525
1,"home",13,"Paul
De Bruyne",2,7413,6294.375
1,"home",14,"Paul
Umtiti",2,7754.25,3817.125
1,"home",14,"Christiano
Messi",3,7847,3071.25
1,"home",14,"Christiano
Salah",5,7786.8,3456
1,"home",14,"Edinson
Griezmann",4,8134.875,3099.9375
1,"home",14,"Leo
Ronaldo",4,8132.25,3634.875
1,"home",14,"Gareth
Griezmann",1,7497,2943
1,"home",14,"Edinson
De Bruyne",1,7056,2409.75
1,"home",14,"Antoine
Ramos",1,7497,2544.75
1,"home",14,"Muhamed
Cavani",1,7066.5,2470.5
1,"home",14,"Sergio
Griezmann",1,8085,4401
1,"home",15,"Christiano
Messi",3,7948.5,1116
1,"home",15,"Christiano
Salah",1,7738.5,2200.5
1,"home",15,"Edinson
Griezmann",6,7673.75,699.75
1,"home",15,"Leo
Ronaldo",1,7749,769.5
1,"home",15,"Edinson
De Bruyne",10,7676.55,780.975
1,"home",15,"Antoine
Ramos",8,7713.5625,546.75
1,"home",15,"Muhamed
Cavani",3,7332.5,936
1,"home",16,"Paul
Umtiti",2,10001.25,4981.5
1,"home",16,"Christiano
Messi",1,8935.5,5575.5
1,"home",16,"Edinson
Griezmann",2,9455.25,4772.25
1,"home",16,"Leo
Ronaldo",9,9794.16666666667,5205
1,"home",16,"Gareth
Griezmann",12,9375.625,6233.0625
1,"home",16,"Paul
De Bruyne",1,10164,5582.25
1,"home",16,"Antoine
Ramos",2,9198,6102
1,"home",17,"Paul
Umtiti",6,9738.75,3584.25
1,"home",17,"Christiano
Salah",5,9439.5,4001.4
1,"home",17,"Leo
Ronaldo",2,9387,4401
1,"home",17,"Edinson
De Bruyne",4,9531.375,3369.9375
1,"home",18,"Paul
Umtiti",1,9387,1701
1,"home",18,"Christiano
Messi",1,10143,1113.75
1,"home",18,"Edinson
Griezmann",3,9443,1010.25
1,"home",18,"Leo
Ronaldo",1,9114,2173.5
1,"home",18,"Edinson
De Bruyne",6,9632,1123.875
1,"home",18,"Antoine
Ramos",3,9061.5,686.25
1,"home",18,"Muhamed
Cavani",4,9804.375,1235.25
